service_type,potential_loss
Data,2139498.102062388
Interconnection,384810.48503543343
Roaming,3036422.9478664636
SMS,352123.7326242389
Voice,3768545.387586586
